Designator,Val,Package,Mid X,Mid Y,Rotation,Layer
C1,C_10uF,C_0603_1608Metric_Pad1.08x0.95mm_HandSolder,193.75,-100.6875,90,top
C2,C_10uF_Ta,CP_EIA-6032-15_Kemet-U_Pad2.25x2.35mm_HandSolder,200.25,-106.4,180,top
C3,C_10uF,C_0603_1608Metric_Pad1.08x0.95mm_HandSolder,193.75,-104.4125,270,top
C4,C_10uF,C_0603_1608Metric_Pad1.08x0.95mm_HandSolder,188.15,-93.9875,90,top
C5,C_10uF,C_0603_1608Metric_Pad1.08x0.95mm_HandSolder,188.25,-88.4875,270,top
C6,C_10uF_Ta,CP_EIA-6032-15_Kemet-U_Pad2.25x2.35mm_HandSolder,182.5,-47,90,top
C7,C_27pF_0402,C_0402_1005Metric_Pad0.74x0.62mm_HandSolder,250.6,-100.2175,90,top
C8,C_27pF_0402,C_0402_1005Metric_Pad0.74x0.62mm_HandSolder,257.95,-100.0825,270,top
C9,C_22uF,C_0603_1608Metric_Pad1.08x0.95mm_HandSolder,260.35,-112.8125,270,top
C10,C_100nF_0402,C_0402_1005Metric_Pad0.74x0.62mm_HandSolder,250.15,-116.25,180,top
C11,C_2.2nF,C_1206_3216Metric_Pad1.33x1.80mm_HandSolder,241.05,-34.7,270,top
C12,C_100nF_1206,C_1206_3216Metric_Pad1.33x1.80mm_HandSolder,225.3,-59.1375,270,top
C13,C_0.1uF,C_0603_1608Metric_Pad1.08x0.95mm_HandSolder,206.2,-57.8,0,top
C14,C_0.1uF,C_0402_1005Metric_Pad0.74x0.62mm_HandSolder,220.58,-44.32,180,top
C15,C_47nF,C_0603_1608Metric_Pad1.08x0.95mm_HandSolder,202.6,-57.8,0,top
C16,C_22uF_63V,C_Elec_6.3x7.7,221.3,-66.0625,270,top
C17,C_220nF,C_0603_1608Metric_Pad1.08x0.95mm_HandSolder,244,-34.75,270,top
C18,C_1uF_1206,C_1206_3216Metric_Pad1.33x1.80mm_HandSolder,213.55,-67.4,0,top
C19,C_0.1uF,C_0402_1005Metric_Pad0.74x0.62mm_HandSolder,239.82,-61.34,270,top
C20,C_1uF,C_0603_1608Metric_Pad1.08x0.95mm_HandSolder,204.7,-65.15,90,top
C21,C_47uF_Al,CP_Elec_6.3x7.7,247.93,-71.7,0,top
C26,C_10uF,C_0603_1608Metric_Pad1.08x0.95mm_HandSolder,133.4,-56.3375,90,top
C27,C_1uF,C_0603_1608Metric_Pad1.08x0.95mm_HandSolder,135.2,-56.4,90,top
C29,C_22uF,C_0603_1608Metric_Pad1.08x0.95mm_HandSolder,228.8,-103.05,180,top
C30,C_22uF,C_0603_1608Metric_Pad1.08x0.95mm_HandSolder,219.55,-83.75,0,top
C31,C_100nF_0402,C_0402_1005Metric_Pad0.74x0.62mm_HandSolder,219.15,-82.3,180,top
C32,C_100nF_0402,C_0402_1005Metric_Pad0.74x0.62mm_HandSolder,235.7,-96.81,90,top
C33,C_22uF,C_0603_1608Metric_Pad1.08x0.95mm_HandSolder,239.66,-97.15,270,top
C34,C_10uF,C_0603_1608Metric_Pad1.08x0.95mm_HandSolder,228.35,-94.25,180,top
C35,C_100nF_0402,C_0402_1005Metric_Pad0.74x0.62mm_HandSolder,238.25,-96.8,90,top
C36,C_100nF_0402,C_0402_1005Metric_Pad0.74x0.62mm_HandSolder,237,-96.8,90,top
C37,C_2.2uF_0402,C_0402_1005Metric_Pad0.74x0.62mm_HandSolder,227.7,-84.3,90,top
C38,C_100nF_0402,C_0402_1005Metric_Pad0.74x0.62mm_HandSolder,226.5,-84.3,270,top
D1,D_Zener,D_SMB_Handsoldering,240.8,-115.55,0,top
D2,LED_G,LED_0603_1608Metric_Pad1.05x0.95mm_HandSolder,209.55,-101.95,270,top
D3,LED_G,LED_0603_1608Metric_Pad1.05x0.95mm_HandSolder,178.45,-89.1,90,top
D4,LED_G,LED_0603_1608Metric_Pad1.05x0.95mm_HandSolder,190.7,-56.15,180,top
D5,D_1N5819,D_SOD-323_HandSoldering,255.05,-113.55,180,top
D6,D_1N5819,D_SOD-323_HandSoldering,255.3,-115.8,0,top
D7,BAT54C,SOT-23,238.65,-103.95,0,top
D8,D_MURA120,D_SMA_Handsoldering,234.05,-59.2,90,top
D9,D_Bridge_+-AA,Diode_Bridge_HD01,227.7,-74.7,180,top
D10,D_Bridge_+-AA,Diode_Bridge_HD01,231.2,-69.95,0,top
D11,D_SMAJ58A,D_SMA_Handsoldering,229.15,-59.45,270,top
D12,B5819W,D_SOD-123,244.34,-64,180,top
D13,BAS16,SOT-23,247.25,-34.15,180,top
D14,B5819W,D_SOD-123,249.53,-60.14,0,top
D16,LED_G,D_0603_1608Metric_Pad1.05x0.95mm_HandSolder,173.05,-93.6,90,top
D17,LED_G,D_0603_1608Metric_Pad1.05x0.95mm_HandSolder,173,-100.875,90,top
D18,LED_G,D_0603_1608Metric_Pad1.05x0.95mm_HandSolder,173,-88.95,270,top
EN1,SW_PUSH,SW_SPST_PTS645,166.65,-95.2,0,top
FACT1,SW_PUSH,SW_SPST_PTS645,166.8,-87.15,0,top
FET1,PFET,SOT-23,232.55,-100.35,0,top
J10,Conn_02x06_Odd_Even,PinHeader_2x06_P2.54mm_Vertical_SMD,168,-64.2,0,top
J19,Conn_02x02_Odd_Even,PinHeader_2x02_P2.54mm_Vertical_SMD,232.85,-47.6,270,top
L1,L_4.7uH,L_5.4x5.3_H3,214.2,-62.35,0,top
L2,FB,L_1206_3216Metric,242.25,-97.8,90,top
PROG1,SW_PUSH,SW_SPST_PTS645,166.75,-103.35,0,top
Q1,Q_MBT3904,SOT-363_SC-70-6_Handsoldering,217.25,-96.84,180,top
Q2,Q_IRF7907TRPBF,SOIC-8_3.9x4.9mm_P1.27mm,217.4,-105.6,270,top
Q3,Q_MBT3904,SOT-363_SC-70-6_Handsoldering,208.8,-46.95,90,top
Q4,Q_IRF7907TRPBF,SOIC-8_3.9x4.9mm_P1.27mm,213.6,-46.75,90,top
Q5,Crystal_12Mhz,Crystal_SMD_3225-4Pin_3.2x2.5mm_HandSoldering,254.25,-100.05,0,top
Q6,Q_SS8050,SOT-23,238.3,-108.2,180,top
Q7,Q_SS8550,SOT-23,245.25,-104.65,0,top
Q8,Q_FDC2512,SOT-23-6_Handsoldering,239.71,-67.74,0,top
Q9,Q_LMUN2211LT1G,SOT-23,225.05,-100.25,0,top
Q10,Q_FDC2512,SOT-23-6_Handsoldering,249.51,-63.4,0,top
Q11,Q_PNP_BEC,SOT-23,245.08,-60.85,0,top
R1,R_10K_0402,R_0402_1005Metric_Pad0.72x0.64mm_HandSolder,151.23,-77.29,0,top
R2,R_10K_0402,R_0402_1005Metric_Pad0.72x0.64mm_HandSolder,151.2,-76.1,0,top
R3,R_100,R_0603_1608Metric_Pad0.98x0.95mm_HandSolder,139.4,-77.85,90,top
R4,R_10K,R_0603_1608Metric_Pad0.98x0.95mm_HandSolder,220.9,-96.9625,270,top
R5,R_10K,R_0603_1608Metric_Pad0.98x0.95mm_HandSolder,213.9,-96.85,270,top
R6,R_10K,R_0603_1608Metric_Pad0.98x0.95mm_HandSolder,217.3125,-94.55,180,top
R7,R_10K,R_0603_1608Metric_Pad0.98x0.95mm_HandSolder,217.2,-99.25,0,top
R8,R_10K,R_0603_1608Metric_Pad0.98x0.95mm_HandSolder,208.6875,-50.35,180,top
R9,R_10K,R_0603_1608Metric_Pad0.98x0.95mm_HandSolder,208.7875,-43.75,180,top
R10,R_10K,R_0603_1608Metric_Pad0.98x0.95mm_HandSolder,204.5,-47.1625,90,top
R11,R_10K,R_0603_1608Metric_Pad0.98x0.95mm_HandSolder,206.3,-47.0625,270,top
R12,R_1K,R_0603_1608Metric_Pad0.98x0.95mm_HandSolder,177.9,-99.6,180,top
R13,R_1K,R_0603_1608Metric_Pad0.98x0.95mm_HandSolder,177.8875,-101.3,180,top
R14,R_1K,R_0603_1608Metric_Pad0.98x0.95mm_HandSolder,177.9,-103,180,top
R15,R_1K,R_0603_1608Metric_Pad0.98x0.95mm_HandSolder,177.9,-104.7,180,top
R16,R_10K_QUAD,R_Array_Concave_4x0402,191.3,-102.7,0,top
R17,R_1K,R_0603_1608Metric_Pad0.98x0.95mm_HandSolder,134.8125,-80.9,0,top
R18,R_1K,R_0603_1608Metric_Pad0.98x0.95mm_HandSolder,134.8,-79.05,0,top
R19,R_1K,R_0603_1608Metric_Pad0.98x0.95mm_HandSolder,134.8625,-75.5,0,top
R20,R_1K,R_0603_1608Metric_Pad0.98x0.95mm_HandSolder,134.85,-77.15,0,top
R21,R_10K_QUAD,R_Array_Concave_4x0402,126.25,-70.5,90,top
R22,R_1K,R_0603_1608Metric_Pad0.98x0.95mm_HandSolder,163.4,-44.65,180,top
R23,R_1K,R_0603_1608Metric_Pad0.98x0.95mm_HandSolder,163.3375,-46.8,180,top
R24,R_1K,R_0603_1608Metric_Pad0.98x0.95mm_HandSolder,163.35,-48.9,180,top
R25,R_1K,R_0603_1608Metric_Pad0.98x0.95mm_HandSolder,163.3625,-50.9,180,top
R26,R_10K_QUAD,R_Array_Concave_4x0402,177.71,-46.87,0,top
R27,R_1K,R_0603_1608Metric_Pad0.98x0.95mm_HandSolder,197.1375,-59.05,0,top
R28,R_1K,R_0603_1608Metric_Pad0.98x0.95mm_HandSolder,193.2875,-59.05,0,top
R29,R_1K,R_0603_1608Metric_Pad0.98x0.95mm_HandSolder,194.0875,-72.2,0,top
R30,R_1K,R_0603_1608Metric_Pad0.98x0.95mm_HandSolder,198.1,-72.1,0,top
R31,R_10K_QUAD,R_Array_Concave_4x0402,202.45,-65.15,0,top
R32,R_20K,R_0402_1005Metric_Pad0.72x0.64mm_HandSolder,207.65,-101.76,90,top
R33,R_6.8K,R_0603_1608Metric_Pad0.98x0.95mm_HandSolder,207.75,-97.95,90,top
R34,R_1K,R_0603_1608Metric_Pad0.98x0.95mm_HandSolder,209.55,-97.95,90,top
R35,R_70K,R_0603_1608Metric_Pad0.98x0.95mm_HandSolder,159.58,-56.91,0,top
R36,R_10K_0402,R_0402_1005Metric_Pad0.72x0.64mm_HandSolder,159.55,-58.56,180,top
R37,R_1K,R_0603_1608Metric_Pad0.98x0.95mm_HandSolder,178.35,-93.9375,270,top
R38,R_20K,R_0402_1005Metric_Pad0.72x0.64mm_HandSolder,190.7,-54.28,0,top
R39,R_2.2K,R_0402_1005Metric_Pad0.72x0.64mm_HandSolder,194.63,-54.21,0,top
R40,R_1K,R_0603_1608Metric_Pad0.98x0.95mm_HandSolder,194.65,-56.05,0,top
R41,R_10K_0402,R_0402_1005Metric_Pad0.72x0.64mm_HandSolder,258.7,-112.45,270,top
R42,R_10K_0402,R_0402_1005Metric_Pad0.72x0.64mm_HandSolder,250.2025,-114.8,180,top
R43,R_1K_0402,R_0402_1005Metric_Pad0.72x0.64mm_HandSolder,245.1,-108.0525,90,top
R44,R_1K_0402,R_0402_1005Metric_Pad0.72x0.64mm_HandSolder,242.55,-104.7,270,top
R45,R_220_0402,R_0402_1005Metric_Pad0.72x0.64mm_HandSolder,243.8,-108.1025,90,top
R46,R_10K_0402,R_0402_1005Metric_Pad0.72x0.64mm_HandSolder,250.2,-113.45,180,top
R47,R_3.01K,R_0402_1005Metric_Pad0.72x0.64mm_HandSolder,227.1175,-45.38,0,top
R48,R_69.8K,R_0402_1005Metric_Pad0.72x0.64mm_HandSolder,227.33,-47.16,180,top
R49,R_24.9K,R_0603_1608Metric_Pad0.98x0.95mm_HandSolder,218.55,-55.9,0,top
R50,R_63.4,R_0603_1608Metric_Pad0.98x0.95mm_HandSolder,218.5,-58.1,0,top
R51,R_80.6K,R_0402_1005Metric_Pad0.72x0.64mm_HandSolder,222.95,-56.35,90,top
R52,R_59K,R_0402_1005Metric_Pad0.72x0.64mm_HandSolder,221.5,-56.3,90,top
R53,R_49.9_0402,R_0402_1005Metric_Pad0.72x0.64mm_HandSolder,236.56,-67.59,90,top
R54,R_49.9_0402,R_0402_1005Metric_Pad0.72x0.64mm_HandSolder,222.17,-58.42,180,top
R55,R_0.56,R_0603_1608Metric_Pad0.98x0.95mm_HandSolder,243.06,-67.79,90,top
R56,R_402,R_0402_1005Metric_Pad0.72x0.64mm_HandSolder,201.35,-60.75,90,top
R57,R_2K,R_0402_1005Metric_Pad0.72x0.64mm_HandSolder,202.8,-60.8,90,top
R58,R_402,R_0402_1005Metric_Pad0.72x0.64mm_HandSolder,212.25,-57.25,0,top
R59,R_10K_0402,R_0402_1005Metric_Pad0.72x0.64mm_HandSolder,204.19,-68.31,180,top
R60,R_49.9_0402,R_0402_1005Metric_Pad0.72x0.64mm_HandSolder,247.3525,-36.76,180,top
R61,R_10K_0402,R_0402_1005Metric_Pad0.72x0.64mm_HandSolder,242.46,-61.31,270,top
R62,R_10K_0402,R_0402_1005Metric_Pad0.72x0.64mm_HandSolder,241.23,-61.35,90,top
R63,R_10K_0402,R_0402_1005Metric_Pad0.72x0.64mm_HandSolder,208.2925,-67.4,0,top
R64,R_10K,R_0603_1608Metric_Pad0.98x0.95mm_HandSolder,172.95,-97.4,90,top
R65,R_10K,R_0603_1608Metric_Pad0.98x0.95mm_HandSolder,173,-104.6,90,top
R66,R_10K,R_0603_1608Metric_Pad0.98x0.95mm_HandSolder,173,-85.25,270,top
R67,R_10K_0402,R_0402_1005Metric_Pad0.72x0.64mm_HandSolder,229.7,-100.35,270,top
R68,R_1K_0402,R_0402_1005Metric_Pad0.72x0.64mm_HandSolder,228.1,-100.35,90,top
R69,R_49.9_0402,R_0402_1005Metric_Pad0.72x0.64mm_HandSolder,232.3025,-88.9,180,top
R70,R_12.1K_0402,R_0402_1005Metric_Pad0.72x0.64mm_HandSolder,232.3025,-84.95,0,top
R71,R_49.9_0402,R_0402_1005Metric_Pad0.72x0.64mm_HandSolder,232.3025,-86.95,180,top
R72,R_49.9_0402,R_0402_1005Metric_Pad0.72x0.64mm_HandSolder,232.3025,-92.7,180,top
R73,R_49.9_0402,R_0402_1005Metric_Pad0.72x0.64mm_HandSolder,232.3525,-90.8,180,top
R74,R_2K2_0402,R_0402_1005Metric_Pad0.72x0.64mm_HandSolder,232.35,-82.9,0,top
R75,R_2K2_0402,R_0402_1005Metric_Pad0.72x0.64mm_HandSolder,232.3,-94.65,180,top
R76,R_10K_0402,R_0402_1005Metric_Pad0.72x0.64mm_HandSolder,225.35,-94.15,180,top
RM_2.2K1,RA_2.2K_(4x0603)_4B8_Smashed,R_0603_MATRIX_4,220.088,-88.531,90,top
RM_2.2K2,RA_2.2K_(4x0603)_4B8_Smashed,R_0603_MATRIX_4,214.5,-88.5,270,top
U1,MCP23017_SS,SOIC-28W_7.5x17.9mm_P1.27mm,181.7,-63,0,top
U3,TLP291-4,SOP-16_4.4x10.4mm_P1.27mm,184.7,-102.85,0,top
U4,TLP291-4,SOP-16_4.4x10.4mm_P1.27mm,125.95,-76.65,90,top
U5,TLP291-4,SOP-16_4.4x10.4mm_P1.27mm,170.55,-48.05,0,top
U6,TLP291-4,SOP-16_4.4x10.4mm_P1.27mm,195.69,-65.65,0,top
U7,MIC29302WU,TO-263-5_TabPin3,200.65,-95.1,90,top
U8,REG_AMS1117-3.3,SOT-223-3_TabPin2,183.45,-91.25,90,top
U9,MIC29302WU,TO-263-5_TabPin3,193.775,-47.4,0,top
U10,CH340T(SSOP20W),SSOP-20W,253.0195,-107.525,90,top
U12,OPTO-FOD817A,Opto_FOD817A3SD,209.4,-54.45,180,top
U13,TLV431ACDBZR,SOT-23,207.85,-64.8,180,top
U14,ESP32-WROOM-32,ESP32-WROOM-32,146.4,-64.055,0,top
U15,LAN8720A,QFN-24-1EP_4x4mm_P0.5mm_EP2.6x2.6mm,227.5,-88.55,270,top
